source,author,title,description,url,urlToImage,publishedAt,content
"{'id': None, 'name': 'Excelsior.com.mx'}",beatriz.rodriguez,¿Una gemela es mamá y la otra no? Famosas siamesas que comparten cuerpo fueron vistas con un bebé,"B. Rodríguez
Abby y Brittany Hensel, las gemelas siamesas más famosas del mundo, vuelven a llamar la atención, aunque esta vez no por su condición física, ni por sus logros académicos o televisivos, sino porque fueron vistas recientemente con un bebé en braz…",https://www.excelsior.com.mx/trending/una-gemela-es-mama-y-la-otra-no-famosas-siamesas-que-comparten-cuerpo-fueron-vistas-con-un,https://www.excelsior.com.mx/media/pictures/2025/08/20/3364065.jpg,2025-08-20T19:39:28Z,"Abby y Brittany Hensel, las gemelas siamesas más famosas del mundo, vuelven a llamar la atención, aunque esta vez no por su condición física, ni por sus logros académicos o televisivos, sino porque f… [+2265 chars]"
"{'id': None, 'name': 'Biography.com'}",Tyler Piccotti,Sam Altman Is One of the Richest People in the World. It Isn’t Because of OpenAI.,"Sam Altman is the CEO of OpenAI and one of the world’s leading advocates for artificial intelligence. Read about his net worth, husband, sister, and more.",https://www.biography.com/business-leaders/a65810455/sam-altman/,https://s.yimg.com/ny/api/res/1.2/c.Ma5ywbeerBX97PsBZ9zA--/YXBwaWQ9aGlnaGxhbmRlcjt3PTEyMDA7aD02NzU-/https://media.zenfs.com/en/biography_articles_728/9875a841b15d5c51ba4a4e39c526d58c,2025-08-20T19:31:00Z,"Sam AltmanGetty Images
""Hearst Magazines and Yahoo may earn commission or revenue on some items through these links.""
1985present
Sam Altman, the CEO of OpenAI, is one of the leading proponents of… [+11193 chars]"
"{'id': None, 'name': 'Biztoc.com'}",investors.com,Tesla Launched A New Model Y But Musk Says It 'Might Not Ever' Come To U.S. For This Reason,"Access to this page has been denied because we believe you are using automation tools to browse the website.
This may happen as a result of the following:
- Javascript is disabled or blocked by an extension (ad blockers for example)
- Your browser does not su…",https://biztoc.com/x/d8ac915a79039a9f,https://biztoc.com/cdn/950/og.png,2025-08-20T19:29:09Z,Access to this page has been denied because we believe you are using automation tools to browse the website.This may happen as a result of the following:- Javascript is disabled or blocked by an exte… [+147 chars]
"{'id': None, 'name': 'Notebookcheck.net'}",David Odejide,Elon Musk hints Tesla Model Y may never launch in North America because of Robotaxi,"Tesla boss Elon Musk has revealed that the release of the Tesla Model Y L in North America has been pushed back to the end of 2026. He, however, added that the launch may never happen because of Robotaxi.",https://www.notebookcheck.net/Elon-Musk-hints-Tesla-Model-Y-may-never-launch-in-North-America-because-of-Robotaxi.1092521.0.html,https://www.notebookcheck.net/fileadmin/Notebooks/News/_nc5/The-electric-Tesla-Model-Y-L-SUV-Image-source-Tesla-China24.jpg,2025-08-20T19:28:00Z,"Tesla has made the longer Model Y L available for order in China this week. However, according to CEO Elon Musk, the new car, slated for production at the end of 2026 in North America, may never laun… [+1035 chars]"
"{'id': None, 'name': 'Forbes.com.mx'}",Alan Ohnsman,Las mentiras de Elon Musk sobre los autos autónomos de Tesla finalmente lo alcanzaron,"Forbes México.
 Las mentiras de Elon Musk sobre los autos autónomos de Tesla finalmente lo alcanzaron

Un juez federal en San Francisco dio luz verde a una demanda colectiva contra Tesla y Musk, lo que representa el último golpe a los planes de la persona más…",https://forbes.com.mx/las-mentiras-de-elon-musk-sobre-los-autos-autonomos-de-tesla-finalmente-lo-alcanzaron/,https://cdn.forbes.com.mx/2025/08/Musk-Tesla-robotaxis-conduccion-autonoma-EU-.webp,2025-08-20T19:11:52Z,Un juez federal en San Francisco acaba de dar luz verde a una demanda colectiva presentada por los propietarios de Tesla para demandar al fabricante de automóviles por las afirmaciones exageradas del… [+7649 chars]
"{'id': None, 'name': 'Forbes'}","Jonathan Palmer, Forbes Staff, 
 Jonathan Palmer, Forbes Staff
 https://www.forbes.com/sites/jonathanpalmer/",Sam Altman Despises Elon Musk. Now He Is Going After His Companies,"The OpenAI CEO is challenging his former friend, one company at a time. Twitter, Tesla and even Neuralink are in his sights.",https://www.forbes.com/video/db2d8118-a41c-49ee-bb85-9640899a8a8e/sam-altman-despises-elon-musk-now-he-is-going-after-his-companies/,https://imageio.forbes.com/specials-images/imageserve/68a6333717b5a645e76d8cf5/0x0.jpg?format=jpg&height=460&width=800&fit=bounds,2025-08-20T19:10:06Z,"The OpenAI CEO is challenging his former friend, one company at a time. Twitter, Tesla and even Neuralink are in his sights."
"{'id': None, 'name': 'Andro4all.com'}",Sergio Agudo,Tesla lanza un Model Y exclusivo para China con estas diferencias,"Tesla prepara una novedad para el mercado chino que ampliará considerablemente su catálogo SUV. El Tesla Model YL será exclusivo para China y llegará entre septiembre y octubre de 2025, situándose como un vehículo familiar más grande que el Model Y convencion…",https://andro4all.com/movilidad/tesla-lanza-un-model-y-exclusivo-para-china-con-estas-diferencias,https://andro4all.com/hero/2025/08/tesla-y-chino.webp?width=1200,2025-08-20T19:01:47Z,"Tesla amplía su catálogo SUV en China con un modelo de mayor tamaño que el Y convencional, pensado para familias que buscan más espacio sin alcanzar el coste del premium X
Tesla prepara una novedad … [+4045 chars]"
"{'id': None, 'name': 'Legalinsurrection.com'}",Mary Chastain,"Report: Elon Musk Might Not Form Third Party, Wants to Keep Ties With JD Vance","I don't know if Musk will go full MAGA again, but I wouldn't dismiss the idea.
The post Report: Elon Musk Might Not Form Third Party, Wants to Keep Ties With JD Vance first appeared on Le·gal In·sur·rec·tion.",https://legalinsurrection.com/2025/08/report-elon-musk-might-not-form-third-party-wants-to-keep-ties-with-jd-vance/,https://legalinsurrection.com/wp-content/uploads/2025/02/Elon-Musk-Excited.jpg,2025-08-20T19:00:43Z,"According to The Wall Street Journal, Tesla CEO Elon Musk has halted forming the American Party to keep ties with Republicans, especially Vice President JD Vance.
I highly doubted it would become th… [+2245 chars]"
"{'id': None, 'name': 'Feber.se'}",Roger Åberg,Är du sugen på någon av Googles nyheter?,"Dagens fråga






Idag släppte Google en hel hög med produkter, fyra telefoner, två klockor och ett par lurar. Men frågan är om det finns ett intresse för dessa hos de som faktiskt bestämmer, det vill säga ni, våra läsare. 








Läs vidare och kommentera:…",https://feber.se/ar-du-sugen-pa-nagon-av-googles-nyheter/482517/,https://static.feber.se/article_images/62/57/50/625750.jpg,2025-08-20T19:00:00Z,"Teknik
Motor
Samhälle
Spel
Popkultur
Tjock
37 idag
27 igår
Tipsa!
Skaffa Feber+
Så mycket kommer Kia EV4 att kosta
Börjar säljas nu
32.9°
0
Annons från 
Annons
En gameplay-trailer för… [+29625 chars]"
"{'id': None, 'name': 'iPhone in Canada'}",Austin Blake,Tesla Debuts 6-Seat Model Y L in China—Is Canada Next?,"Tesla has introduced a new stretched version of its best-selling SUV in China, the Model Y L, a three-row, six-seat electric vehicle that adds more space, comfort, and luxury features aimed at families. The Model Y L starts at 339,000 yuan (about $47,000 USD …",https://www.iphoneincanada.ca/2025/08/20/tesla-debuts-6-seat-model-y-l-in-china-is-canada-next/,https://cdn.iphoneincanada.ca/wp-content/uploads/2025/08/tesla-model-y-l-1.jpg,2025-08-20T18:55:26Z,"Tesla has introduced a new stretched version of its best-selling SUV in China, the Model Y L, a three-row, six-seat electric vehicle that adds more space, comfort, and luxury features aimed at famili… [+2638 chars]"
"{'id': None, 'name': 'Electrek'}",Jameson Dow,Brits oppose Tesla’s plan to sell energy in the UK because Elon Musk sucks so bad,"Thousands of Britons have voiced opposition to a request by Tesla to supply electricity to British homes. And what’s the sole reason for this opposition?



It’s because Tesla CEO Elon Musk sucks.



 more…",http://electrek.co/2025/08/20/brits-oppose-teslas-plan-to-sell-energy-in-the-uk-because-elon-musk-sucks-so-bad/,https://i0.wp.com/electrek.co/wp-content/uploads/sites/3/2024/05/Elon-Musk-wrecking-ball.jpg?resize=1200%2C628&quality=82&strip=all&ssl=1,2025-08-20T18:49:57Z,"Thousands of Britons have voiced opposition to a request by Tesla to supply electricity to British homes. And what’s the sole reason for this opposition?
It’s because Tesla CEO Elon Musk sucks.
Las… [+7025 chars]"
"{'id': None, 'name': 'Biztoc.com'}",fortune.com,"Tesla shareholder group urges probe, ‘appropriate remedial action’ from Nasdaq over Elon Musk’s $29 billion pay package","In the latest twist in a long-running battle over Elon Musk’s compensation at Tesla, the SOC Investment Group has requested that Nasdaq formally investigate “and take appropriate remedial action” against Tesla for its recent $29 billion equity grant to the CE…",https://biztoc.com/x/27193fff20bbf4b4,https://biztoc.com/cdn/27193fff20bbf4b4_s.webp,2025-08-20T18:43:58Z,"In the latest twist in a long-running battle over Elon Musks compensation at Tesla, the SOC Investment Group has requested that Nasdaq formally investigate and take appropriate remedial action agains… [+143 chars]"
"{'id': None, 'name': 'HuffPost'}",Paige Skinner,White House Starts TikTok Account Ahead Of App's Looming Ban,Trump relied on the app during the 2024 election even though at one point he wanted it banned.,https://www.huffpost.com/entry/the-white-house-starts-a-tiktok-account-ahead-of-its-looming-ban_n_68a5e11be4b08e59891e913c,https://img.huffingtonpost.com/asset/68a607fb170000830063e9d2.jpeg?ops=500_281%2Cscalefit_1200_630,2025-08-20T18:39:42Z,"The White House launched a TikTok account Tuesday, just weeks before the deadline President Donald Trump gave the app to sell to a non-Chinese-owned company or face a ban in the United States.
The a… [+4100 chars]"
"{'id': 'fortune', 'name': 'Fortune'}",Nick Lichtenberg,"Tesla shareholder group urges probe, ‘appropriate remedial action’ from Nasdaq over Elon Musk’s $29 billion pay package","The group's letter argues that Tesla shareholders likely ""did not believe they were voting on an equity plan that would cover compensation to Mr. Musk"" all the way back in 2019.",https://fortune.com/2025/08/20/tesla-shareholder-nasdaq-probe-compensation-29-billion-pay-package/,"https://fortune.com/img-assets/wp-content/uploads/2025/08/GettyImages-2217198061-e1755710739964.jpg?resize=1200,600",2025-08-20T18:37:17Z,"In the latest twist in a long-running battle over Elon Musks compensation at Tesla, the SOC Investment Group has requested that Nasdaq formally investigate and take appropriate remedial action agains… [+5681 chars]"
"{'id': None, 'name': 'Yahoo Entertainment'}",,"Tesla shareholder group urges probe, ‘appropriate remedial action’ from Nasdaq over Elon Musk’s $29 billion pay package",,https://consent.yahoo.com/v2/collectConsent?sessionId=1_cc-session_2bc36432-1c7f-453a-bd85-02b6c2bb7083,,2025-08-20T18:37:17Z,"If you click 'Accept all', we and our partners, including 236 who are part of the IAB Transparency &amp; Consent Framework, will also store and/or access information on a device (in other words, use … [+714 chars]"
"{'id': None, 'name': 'Ndtvprofit.com'}",NDTV Profit Desk,Elon Musk 'Pauses' Political-Party Launch Plans; Is He Eyeing Return In Republican Fold?,"Tech Tycoon Elon Musk has already taken a step back from his political dreams and paused plans of forming his own political party, citing keeping his focus on business as a reason to his supporters, according to a report by the Wall Street Journal.",https://www.ndtvprofit.com/politics/elon-musk-pauses-political-party-launch-plans-is-he-eyeing-return-in-republican-fold,https://media.assettype.com/bloombergquint%2F2024-12-13%2F96fnspt8%2FElon-Musk-2.jpg?rect=0%2C0%2C802%2C421&w=1200&auto=format%2Ccompress&ogImage=true,2025-08-20T18:33:03Z,"Tech tycoon Elon Musk has already taken a step back from his political dreams and paused plans of forming his own political party, citing keeping his focus on business as a reason to his supporters, … [+1073 chars]"
"{'id': None, 'name': 'Iltalehti.fi'}",,Elon Muskin vauvakohu paisuu – Lapsen äitiä uhkaa häätö,"Elon Muskin väitetyn 13. lapsen äiti ajautui kohun takia suuriin taloudellisiin ongelmiin. Tesla-miljardööri Elon Musk, 54, on kuluneen vuoden aikana ollut keskellä vauvakohua. Kirjailija ja somevaikuttaja Ashley St. Clair, 26, väitti synnyttäneensä miehelle …",https://www.iltalehti.fi/viihdeuutiset/a/f9eb43be-dddd-42b2-99a0-a0406031fd6f,"https://img.ilcdn.fi/M2imIA1eT0aXbNUFQnx4GnzBpOs=/1200x630/top/filters:watermark(assets.ilcdn.fi/ilsome_v2.jpg,25,0,0)/img-s3.ilcdn.fi/ea4bc9d88d710a4c95f2ea4192fc0829e52648c101231bedc4b7b81c722d6f2a.jpg",2025-08-20T18:32:20Z,"Tesla-miljardööri Elon Musk, 54, on kuluneen vuoden aikana ollut keskellä vauvakohua. Kirjailija ja somevaikuttaja Ashley St. Clair, 26, väitti synnyttäneensä miehelle 13. lapsen, mutta maailman rikk… [+1440 chars]"
"{'id': None, 'name': 'New York Post'}",Stitches,"MLB best bets: Mets vs. Nationals odds, prediction for Wednesday","Kodai Senga will help lead the visiting Mets past the Nationals on Wednesday night, Stitches predicts.",https://nypost.com/2025/08/20/betting/mlb-best-bets-mets-vs-nationals-odds-prediction-for-wednesday/,https://nypost.com/wp-content/uploads/sites/2/2025/08/newspress-collage-kgddd2x3r-1755679140903.jpg?quality=75&strip=all&1755664781&w=1024,2025-08-20T18:30:00Z,"Gambling content 21+. The New York Post may receive an affiliate commission if you sign up through our links. Read our editorial standards for more information.
Location. Location. Location. 
Elon … [+1247 chars]"
"{'id': None, 'name': 'Forbes'}","Peter Cohan, Senior Contributor, 
 Peter Cohan, Senior Contributor
 https://www.forbes.com/sites/petercohan/",Palantir Stock Down 20%. May Fall 74% More As AI’s Payoff Stays Low,Palantir's price-to-sales ratio of 114 is way above OpenAI's 17. Palantir's success in defense work could block access to growth as enterprise AI payoff remains elusive,https://www.forbes.com/sites/petercohan/2025/08/20/palantir-stock-down-20-may-fall-74-more-as-ais-payoff-stays-low/,https://imageio.forbes.com/specials-images/imageserve/68a5d614173b2e52cf4c2875/0x0.jpg?format=jpg&height=900&width=1600&fit=bounds,2025-08-20T18:27:05Z,"WASHINGTON, DC - APRIL 30: Alex Karp (R), CEO of Palantir Technologies, speaks on a panel with Jacob Helberg, Co-Founder, Hill &amp; Valley Forum, titled Power, Purpose, and the New American Century … [+6439 chars]"
"{'id': None, 'name': 'The Indian Express'}",Express Web Desk,Judge denies Justice Department request to unseal Epstein grand jury transcripts,"The ruling by federal Judge Richard Berman in Manhattan came after the judge presiding over the case against Ghislaine Maxwell, Epstein's former girlfriend, also turned down the government’s request.",https://indianexpress.com/article/world/judge-denies-request-to-unseal-epstein-grand-jury-transcripts-10201493/,https://images.indianexpress.com/2025/08/AADWUSZLWRMZRCLS4SVCGJB3RU.jpg,2025-08-20T18:23:14Z,"The ruling Wednesday by federal Judge Richard Berman in Manhattan came after the judge presiding over the case against British socialite Ghislaine Maxwell, Epstein’s former girlfriend, also turned do… [+2673 chars]"
"{'id': None, 'name': 'Feber.se'}",Wille Wilhelmsson,Indiana Jones kommer till Nintendo Switch 2 nästa år,"Och ny uppdatering släpps till andra plattformar snart










Under öppningen av Gamescom igår avslöjade Microsofts spelstudio Bethesda att man kommer att släppa sitt uppskattade spel Indiana Jones and the Great Circle till Nintendo Switch 2 någon gång und…",https://feber.se/spel/indiana-jones-kommer-till-nintendo-switch-2-nasta-ar/482503/,https://i.ytimg.com/vi/g9I66YoFrtk/hqdefault.jpg,2025-08-20T18:20:00Z,"Teknik
Motor
Samhälle
Spel
Popkultur
Tjock
37 idag
27 igår
Tipsa!
Skaffa Feber+
Så mycket kommer Kia EV4 att kosta
Börjar säljas nu
33.1°
0
Annons från 
Annons
En gameplay-trailer för… [+30429 chars]"
"{'id': None, 'name': 'Xataka.com'}",Antonio Sabán,"""Los coches eléctricos no son el objetivo final"": Honda tiene clarísimo cuál es su plan para ser neutrales en emisiones","La historia del nacimiento de Honda es interesantísima: Soichiro Honda contó que el rechazo de Toyota a comprarle su pistón le llevó a fundar la compañía que lleva su nombre. 76 años después de su fundación, junto a casi todas sus hermanas japonesas, el fabri…",https://www.xataka.com/movilidad/marcas-fiables-mundo-acaba-admitirlo-coches-electricos-no-su-objetivo,https://i.blogs.es/5e667f/honda/840_560.jpeg,2025-08-20T18:00:46Z,La historia del nacimiento de Honda es interesantísima: Soichiro Honda contó que el rechazo de Toyota a comprarle su pistón le llevó a fundar la compañía que lleva su nombre. 76 años después de su fu… [+4455 chars]
"{'id': None, 'name': 'Feber.se'}",Frode Wikesjö,Lite gameplay från Resident Evil Requiem,"Från Gamescom










Capcom visade upp lite mer från kommande Resident Evil Requiem där man som spelare återvänder till Raccoon City. I klippet ovan kan man se en av spelets sekvenser där spelets huvudkaraktär, Grace Ashcroft, stöter på lite problem i vard…",https://feber.se/spel/lite-gameplay-fran-resident-evil-requiem/482513/,https://i.ytimg.com/vi/yh7TVa8yUf8/hqdefault.jpg,2025-08-20T18:00:00Z,"Teknik
Motor
Samhälle
Spel
Popkultur
Tjock
34 idag
27 igår
Tipsa!
Skaffa Feber+
En gameplay-trailer för Call of Duty: Black Ops 7
Hmmm...
30.8°
0
Annons från 
Annons
Apple flyttar mer… [+29619 chars]"
"{'id': None, 'name': 'Electrek'}",Reinette LeJeune,"Heybike Mars 2.0 e-bike with extra battery at $1,199, Exclusive $2,900 off Mango 3,500Wh station, Aiper IrriSense system at new $500 low, more","Leading today’s Green Deals is Heybike’s Labor Day Sale, which is taking up to $600 off its e-bike lineup while offering a special first-time bundle on the Mars 2.0 Folding Fat-Tire e-bike with an extra battery for a 90-mile range at $1,199. Right behind it i…",http://electrek.co/2025/08/20/heybike-mars-2-0-e-bike-with-extra-battery-exclusive-mango-aiper-more/,https://i0.wp.com/electrek.co/wp-content/uploads/sites/3/2025/05/Heybike-Ranger-S-and-Mars-2.0-e-bikes-riding-together.jpg?resize=1200%2C628&quality=82&strip=all&ssl=1,2025-08-20T18:00:00Z,"Leading today’s Green Deals is Heybike’s Labor Day Sale, which is taking up to $600 off its e-bike lineup while offering a special first-time bundle on the Mars 2.0 Folding Fat-Tire e-bike with an ex… [+13850 chars]"
"{'id': None, 'name': 'Daily Signal'}",Fred Lucas,Will He or Won’t He? Does Elon Musk Still Have Plans for a Third Party?,"Elon Musk seemed to shrug off a report that he’s abandoning plans to build a third political party but did not outright assert he was... Read More
The post Will He or Won’t He? Does Elon Musk Still Have Plans for a Third Party? appeared first on The Daily Sig…",https://www.dailysignal.com/2025/08/20/will-wont-does-elon-musk-still-have-plans-third-party/,https://www.dailysignal.com/wp-content/uploads/2025/08/Musk-America-Party-scaled.jpg,2025-08-20T17:58:00Z,"Elon Musk seemed to shrug off a report that hes abandoning plans to build a third political party but did not outright assert he was moving forward with the idea. 
The Wall Street Journal reported T… [+1336 chars]"
"{'id': 'the-times-of-india', 'name': 'The Times of India'}",Advaita Suresh,"White House joins TikTok with Trump promo, and the backlash from young users is already brutal","The White House has officially launched its TikTok account, @whitehouse, focusing to engage younger audiences amid ongoing debates over the platform’s U.S. operations. Advocates praise the move as a forward-thinking approach , critics emphasize security and r…",https://economictimes.indiatimes.com/news/international/us/white-house-joins-tiktok-with-trump-promo-and-the-backlash-from-young-users-is-already-brutal/articleshow/123416092.cms,"https://img.etimg.com/thumb/msid-123416092,width-1200,height-630,imgsize-951655,overlay-economictimes/articleshow.jpg",2025-08-20T17:56:59Z,"The White House made headlines by launching its official TikTok account, @whitehouse, signaling a notable movement into the fast-growing and popular social media platform. This initiative comes amid … [+4137 chars]"
"{'id': 'next-big-future', 'name': 'Next Big Future'}",Brian Wang,Tesla’s Robotrucking Bombshell: Bigger Profits Than Robotaxi?,Brian and Cern Basher had a deep dives into why Tesla robo-trucking (autonomous electric semis) may be an even bigger profit driver than robo-taxis: Cern adapted his robotaxi financial models for trucking. Tesla’s robo-trucks are overlooked but could be as bi…,https://www.nextbigfuture.com/2025/08/teslas-robotrucking-bombshell-bigger-profits-than-robotaxi.html,https://nextbigfuture.s3.amazonaws.com/uploads/2025/08/Screenshot-2025-08-20-at-10.18.49-AM.jpg,2025-08-20T17:48:31Z,"Brian and Cern Basher had a deep dives into why Tesla robo-trucking (autonomous electric semis) may be an even bigger profit driver than robo-taxis:
Cern adapted his robotaxi financial models for tr… [+2174 chars]"
"{'id': None, 'name': 'Thegatewaypundit.com'}",Ben Kew,Elon Musk Denies Wall Street Journal Report That He’s Scrapping Plans For Third Party,"Elon Musk is reportedly scrapping his plans for a third party and will instead refocus his political operation on supporting J.D.
The post Elon Musk Denies Wall Street Journal Report That He’s Scrapping Plans For Third Party appeared first on The Gateway Pund…",https://www.thegatewaypundit.com/2025/08/elon-musk-scraps-plans-third-party-will-instead/,https://www.thegatewaypundit.com/wp-content/uploads/2025/07/54350004870_b0b482728b_c-e1751766109645.jpg,2025-08-20T17:40:18Z,"Credit: Gage Skidmore / Flickr
Elon Musk is reportedly scrapping his plans for a third party and will instead refocus his political operation on supporting J.D. Vance.
According to The Wall Street … [+2515 chars]"
"{'id': None, 'name': 'The Daily Caller'}",Melissa O'Rourke,"‘Not Politics, Reality’: Bed Bath & Beyond Refuses To Open Stores In Gavin Newsom’s California","Bed Bath & Beyond will not be opening locations in California anytime soon, its chairman announced on Wednesday, blaming the state’s challenging business climate.",https://dailycaller.com/2025/08/20/not-politics-reality-bed-bath-beyond-refuses-to-open-stores-in-gavin-newsoms-california/,"https://images.dailycaller.com/image/width=1280,height=549,fit=cover,format=webp,f=auto/https://cdn01.dailycaller.com/wp-content/uploads/2025/08/GettyImages-1424338193-e1755708476976.jpg",2025-08-20T17:32:08Z,"Bed Bath &amp; Beyond will not be opening locations in California anytime soon, its chairman announced on Wednesday, blaming the state’s challenging business climate.
Marcus Lemonis, chairman of Bey… [+3535 chars]"
"{'id': None, 'name': 'Carmax.com'}",Jake Sundstrom for CarMax,A beginner’s guide to EV fast charging,"CarMax reports that fast charging adds 60-80 miles in 20 minutes for EVs, with Tesla having the most extensive network of stations.",https://www.carmax.com/articles/what-is-ev-fast-charging,https://bloximages.newyork1.vip.townnews.com/richmond.com/content/tncms/assets/v3/editorial/e/df/edfbfa27-2d62-531d-b257-2a3d938e167c/68a611e6718f7.image.jpg?crop=1280%2C672%2C0%2C23&resize=1200%2C630&order=crop%2Cresize,2025-08-20T17:30:05Z,"Jake Sundstrom for CarMax
A beginners guide to EV fast charging
If you own an electric vehicle of any sort, theres a good chance youve heard about fast charging, or DC fast charging. Fast charging … [+6609 chars]"
"{'id': None, 'name': 'Feber.se'}",Frode Wikesjö,Samsung visar upp två nya Odyssey G7-skärmar,"37 och 40 tum






Under Gamescom-mässan i Köln presenterade Samsung två nya skärmar i Odyssey G7-serien som riktar sig till folk som spelar spel. Skärmarna finns i två storlekar: 37 tum med 4K UHD-upplösning och 40 tum Wide UHD med 5K2K-upplösning, båda i b…",https://feber.se/pc/samsung-visar-upp-tva-nya-odyssey-g7-skarmar/482516/,https://static.feber.se/article_images/62/57/48/625748.jpg,2025-08-20T17:20:00Z,"Teknik
Motor
Samhälle
Spel
Popkultur
Tjock
33 idag
27 igår
Tipsa!
Skaffa Feber+
En gameplay-trailer för Call of Duty: Black Ops 7
Hmmm...
30.9°
0
Annons från 
Annons
Apple flyttar mer… [+30105 chars]"
"{'id': None, 'name': 'Biztoc.com'}",barrons.com,Elon Musk Might Not Start a New Political Party. Why Tesla Stock Is Slipping Anyway,,https://biztoc.com/x/88d3c7ccd702dba7,https://biztoc.com/cdn/950/og.png,2025-08-20T17:14:29Z,"{ window.open(this.href, '_blank'); }, 200); return false;""&gt;Why is UK inflation rising with airfares and food costs? { window.open(this.href, '_blank'); }, 200); return false;""&gt;How will US gove… [+761 chars]"
"{'id': None, 'name': 'Finance.ua'}",Светлана Вышковская,Какие электромобили выбирают украинцы: самые популярные модели,В июле украинский автопарк пополнили более 7 тыс. автомобилей на электротяге (BEV).,https://news.finance.ua/ru/kakie-elektromobili-vybirayut-ukraincy-samye-populyarnye-modeli,https://finance-news-media.fra1.cdn.digitaloceanspaces.com/prod/d/9/d9243b7932648dfd91e8e5fdabd1a3c6,2025-08-20T17:07:00Z,": 
«»
<ul><li>   970 . (88% /);</li><li>   884 . (62% /);</li><li> .  673 . (68% /);</li><li> .  584 . (68% /);</li><li> .  400 (69% /).</li></ul>
 , , BYD Song Plus. Honda eNS1.
<ul><li>Tesla Mo… [+108 chars]"
"{'id': None, 'name': 'Yahoo Entertainment'}",Sanji Feng,Pixel10 | 直板三機來襲：全線升級 Tensor G5 晶片和 Qi2 磁吸充電，標準款補上望遠相機,"Pixel10 | 直板三機來襲：全線升級 Tensor G5 晶片和 Qi2 磁吸充電，標準款補上望遠相機
始於去年的 Pixel 直板機 3 機齊發策略今年也被 Google 沿用了下來，在今天凌晨的 Made by Google 2025 活動中，Pixel 10、Pixel 10 Pro 以及 Pixel 10 Pro XL 正式登場。除了它們以外，廠方這次也帶來了全球首款 IP68 摺機 Pixel 10 Pro Fold 以及新的耳機和手錶，想了解的讀者可以可以去這裡閱讀其他報導。
 Pixe…",https://consent.yahoo.com/v2/collectConsent?sessionId=1_cc-session_ae78259b-3515-4f81-ba62-8bab4c0db09b,,2025-08-20T17:06:27Z,"If you click 'Accept all', we and our partners, including 236 who are part of the IAB Transparency &amp; Consent Framework, will also store and/or access information on a device (in other words, use … [+714 chars]"
"{'id': None, 'name': 'Salon'}",Garrett Owen,Elon Musk’s new political party isn’t happening,The so-called America Party was proposed back when Musk was openly feuding with President Donald Trump,https://www.salon.com/2025/08/20/elon-musks-new-political-party-isnt-happening/,https://www.salon.com/app/uploads/2025/06/elon_musk_2217589947.jpg,2025-08-20T17:06:22Z,"A political party proposed by tech billionaire Elon Musk is now being mothballed as he looks to preserve the GOP voter base and focus more on his companies, according to a report in the Wall Street J… [+1899 chars]"
"{'id': None, 'name': 'Legalinsurrection.com'}",Mary Chastain,Bed Bath & Beyond Won’t Open New Stores in California,"""California has created one of the most overregulated, expensive, and risky environments for businesses in America. It's a system that makes it harder to employ people, harder to keep doors open, and harder to deliver value to customers.""
The post Bed Bath & …",https://legalinsurrection.com/2025/08/bed-bath-beyond-wont-open-new-stories-in-california/,https://legalinsurrection.com/wp-content/uploads/2025/08/Bed-Bth-Beyond.jpg,2025-08-20T17:00:31Z,"Bed Bath &amp; Beyond has risen from the ashes and opened new stores across the country…except California.
Executive Chairman Marcus Lemonis said politics did not cause the decision. Reality led to … [+2920 chars]"
"{'id': None, 'name': 'Feber.se'}",Roger Åberg,2000 hästar och manuell låda,"Hennessey visar specialmodell






Idag är det inte ovanligt att rätt vanliga bilar har 1000 hästar, men 2000 är lite ovanligt. Speciellt från en bil som inte har en massa fusk med el. 

Hennessey Venom F5 har en riktigt tjock V8:a på 6,6 liter och dubbla tu…",https://feber.se/bil/2000-hastar-och-manuell-lada/482486/,https://static.feber.se/article_images/62/55/36/625536.jpeg,2025-08-20T17:00:00Z,"Teknik
Motor
Samhälle
Spel
Popkultur
Tjock
33 idag
27 igår
Tipsa!
Skaffa Feber+
En gameplay-trailer för Call of Duty: Black Ops 7
Hmmm...
30.9°
0
Annons från 
Annons
Apple flyttar mer… [+30146 chars]"
"{'id': None, 'name': 'Forbes.com.mx'}",Sara Dorn,"Musk se retracta de sus planes de crear un tercer partido político, según un informe","Forbes México.
 Musk se retracta de sus planes de crear un tercer partido político, según un informe

El magnate sudafricano está cambiando de rumbo en sus planes de formar un tercer partido político en EU, mandando el mensaje a sus asociados que se concentre…",https://forbes.com.mx/musk-se-retracta-de-sus-planes-de-crear-un-tercer-partido-politico-segun-un-informe/,https://cdn.forbes.com.mx/2025/08/Musk-pardido-politico-Estados-unidos-2.webp,2025-08-20T16:57:09Z,"Elon Musk está cambiando de rumbo en sus planes de formar un tercer partido político y les está diciendo a sus asociados que se concentren en sus empresas, según un nuevo informe que cita fuentes que… [+2058 chars]"
"{'id': None, 'name': 'Biztoc.com'}",forbes.com,Elon Musk’s Self-Driving Tesla Lies Are Finally Catching Up To Him,,https://biztoc.com/x/3ed622c4b188177f,https://biztoc.com/cdn/950/og.png,2025-08-20T16:41:01Z,"{ window.open(this.href, '_blank'); }, 200); return false;""&gt;Why is UK inflation rising with airfares and food costs? { window.open(this.href, '_blank'); }, 200); return false;""&gt;How will US gove… [+797 chars]"
"{'id': None, 'name': 'Lalibre.be'}",La Libre Eco,Tempête sur la tech pendant que les Bourses cherchent leur cap,"À la veille du colloque de Jackson Hole, les marchés européens hésitent, freinés par l’IA. ...",https://www.lalibre.be/economie/placements/2025/08/20/tempete-sur-la-tech-pendant-que-les-bourses-cherchent-leur-cap-NDLANHKLNBEZZB74UURMWR2DBI/,https://www.lalibre.be/resizer/v2/O4Y363BDPJHHLDVGGO5YW3TRHQ.jpg?auth=2355a69865efc72f31616c8008b83f074236cf714330042e9ab5a206ef9d0ce1&width=1200&height=630&quality=85&focal=4128%2C2752&watermark=https%3A%2F%2Fcloudfront-eu-central-1.images.arcpublishing.com%2Fipmgroup%2FN2W5JL3V7JEUTOYYZCW5FAG7M4.png%3A100%3A0%2C557,2025-08-20T16:35:37Z,"Dans l'attente de la réunion avec Jackson Hole
""La séance est dominée par l'attentisme, on patiente avant la réunion de Jackson Hole"", explique à l'AFP Lionel Melka, gérant chez Swann Capital.
Le c… [+3762 chars]"
"{'id': None, 'name': 'Autoweek'}",Jay Ramey,Tesla Launches Long-Wheelbase Model YL With Seating for Six—in One Market,"China's favorite option finally makes it into Tesla's popular crossover, but could it sell just as well in the US?",https://www.autoweek.com/news/a65830043/tesla-model-yl-long-wheelbase-six-seat-china/,https://s.yimg.com/ny/api/res/1.2/TS6YF6e75Kz9A3p2tfXYnw--/YXBwaWQ9aGlnaGxhbmRlcjt3PTEyMDA7aD02NzU-/https://media.zenfs.com/en/autos.autoweek.com/011d621f2274189343465947b6fa3e9e,2025-08-20T16:35:00Z,"<ul><li>Tesla launches longer-wheelbase Model YL (pictured above) in China, offering a second row of captain's chairs and two more seats in the forward-facing third row.
</li><li>Long-wheelbase vers… [+3541 chars]"
"{'id': None, 'name': 'Yahoo Entertainment'}",財訊快報,科技股連挫，那指、費半各跌0.67%和0.72%，道瓊持穩小漲16點,【財訊快報／陳孟朔】美國零售股及消費股財報欠佳，投資人亦憂慮科企估值過高，美股主要股指繼上日普跌後，週三早盤一度跨步再追低；道瓊工業指數以平盤開出後，上下震幅約265點，終場小漲約16點。標普和那指急跌1.05%和1.92%後，週二各收低0.24%和0.67%、以晶片為主的費半一度殺低3.34%後，終場收跌0.72%，科技七雄齊趴，蘋果挫近2%淪為道瓊最大魯蛇。自麻省理工學院(MIT)最新研究，指出高達95%的企業生成式AI投資未能帶來實際財務回報，與市場此前的樂觀預期形成強烈反差。再加上OpenAI執行長阿爾特…,https://tw.stock.yahoo.com/news/%E7%A7%91%E6%8A%80%E8%82%A1%E9%80%A3%E6%8C%AB-%E9%82%A3%E6%8C%87-%E8%B2%BB%E5%8D%8A%E5%90%84%E8%B7%8C0-67-%E5%92%8C0-003209033.html,https://s.yimg.com/cv/apiv2/social/images/yahoo_default_logo-1200x1200.png,2025-08-20T16:32:09Z,"265161.05%1.92%0.24%0.67%3.34%0.72%2%
(MIT)95%AIOpenAI(Sam Altman)AI
MITAI2025AI150350300AI5%AI67%10027
2016.040.04%44,938.3150015.590.24%6,395.78811
1.46%142.090.67%21,172.8620,905.9940.690.72%5… [+251 chars]"
"{'id': None, 'name': 'Slate Magazine'}",Nadira Goffe,J.D. Vance Is the Star of a Mocking New Mural. I Went to Witness It in All Its Glory.,Staring at the larger-than-life mural feels like losing your soul.,https://slate.com/life/2025/08/jd-vance-meme-mural-philly-philadelphia-fishtown-fubar-pac-sulimays-trump.html,https://compote.slate.com/images/7f95aa42-8a58-4cdb-85f0-c3f019f5ed5b.jpeg?width=1560,2025-08-20T16:31:29Z,"Sign up for the Slatest to get the most insightful analysis, criticism, and advice out there, delivered to your inbox daily.
If you Google What should I do with $300?, the search engines inescapable… [+7675 chars]"
"{'id': None, 'name': 'Businessam.be'}",businessam.be,Elon Musk bergt plannen voor politieke partij op,"Key takeaways Elon Musk heeft zijn voorgestelde derde politieke partij, ""American Party"", opgeschort uit angst om Republikeinse kiezers te verdelen en zijn relatie met vicepresident JD Vance te beschadigen. De miljardair geeft voorrang aan zijn zakelijke acti…",https://businessam.be/elon-musk-bergt-plannen-voor-politieke-partij-op/,https://media.businessam.be/Elon-Musk-Trump.jpg,2025-08-20T16:31:00Z,"Key takeaways
<ul><li>Elon Musk heeft zijn voorgestelde derde politieke partij, “American Party”, opgeschort uit angst om Republikeinse kiezers te verdelen en zijn relatie met vicepresident JD Vance… [+2026 chars]"
"{'id': None, 'name': 'Feber.se'}",Roger Åberg,Google släpper Pixel Buds 2a,"Med brusreducering






Google släppte inte bara lurar som i telefoner utan breddade även hörlurssegmentet lite. Det är generation två av deras lite billigare A-serie som nu blir kompetentare. Bland annat får lurarna deras Tensor A1-chipp och man lägger även…",https://feber.se/mobil/google-slapper-pixel-buds-2a/482496/,https://static.feber.se/article_images/62/57/40/625740.jpg,2025-08-20T16:30:00Z,"Teknik
Motor
Samhälle
Spel
Popkultur
Tjock
31 idag
27 igår
Tipsa!
Skaffa Feber+
En gameplay-trailer för Call of Duty: Black Ops 7
Hmmm...
31.2°
0
Annons från 
Annons
Apple flyttar mer… [+29362 chars]"
"{'id': None, 'name': 'Génération NT'}",Christian D.,Xiaomi confirme son arrivée sur le marché européen des voitures électriques,"Xiaomi prépare son entrée sur le marché européen de la voiture électrique dès 2027. Après son succès en Chine avec la SU7, le groupe vise une expansion stratégique. Tesla n'a qu'à bien se tenir !",https://www.generation-nt.com/actualites/xiaomi-vehicules-electriques-europe-calendrier-2061478,https://img.generation-nt.com/xiaomi-su7-xiaomi-yu7-vehicule-electrique_04B002A301702672.webp,2025-08-20T16:25:01Z,"Xiaomi, connu principalement pour ses smartphones et objets connectés, se lance dans une nouvelle aventure avec la voiture électrique et confirme officiellement son arrivée prochaine sur le marché eu… [+5426 chars]"
"{'id': None, 'name': 'Forbes'}","Siladitya Ray, Forbes Staff, 
 Siladitya Ray, Forbes Staff
 https://www.forbes.com/sites/siladityaray/",Nvidia And Intel Lead Tech Stock Drop As White House Reportedly Seeks Equity For CHIPS Grants,Commerce Secretary Howard Lutnick told CNBC the U.S. government wants a stake in Intel in exchange for CHIPS Act grant money promised under Biden.,https://www.forbes.com/sites/siladityaray/2025/08/20/nvidia-and-intel-lead-tech-stock-drop-as-white-house-reportedly-seeks-equity-for-chips-grants/,"https://imageio.forbes.com/specials-images/imageserve/68a5bdba0bb885a82c6c9a8c/0x0.jpg?format=jpg&crop=3167,1780,x0,y79,safe&height=900&width=1600&fit=bounds",2025-08-20T16:24:34Z,"A broader decline for tech stocks was headlined by Nvidia, Intel and Palantir during intraday trading Wednesday, following a report the Trump administration may seek equity in firms receiving federal… [+2874 chars]"
"{'id': None, 'name': 'Amg-news.com'}",Medeea Greere,BIG PHARMA EXPOSED: WORLD HEALTH LEAK – AUGUST 2025 – HARVARD SCIENTISTS REVEAL THE SECRET THEY BURIED,"Harvard scientists leak explosive May 2025 report: Mitochondria are the hidden cause of aging, fat gain, fatigue, and disease. Big Pharma knew. They buried the cure. Now the cover-up is over.",https://amg-news.com/big-pharma-exposed-world-health-leak-august-2025-harvard-scientists-reveal-the-secret-they-buried-mitochondria-internal-cellular-collapse-how-the-covid-vax-sabotages-m/,https://amg-news.com/wp-content/uploads/2025/05/Harvard-Scientists-Reveal-the-Secret-They-Buried-Mitochondria-.jpg,2025-08-20T16:23:27Z,BIG PHARMA EXPOSED: WORLD HEALTH LEAK AUGUST 2025 HARVARD SCIENTISTS REVEAL THE SECRET THEY BURIED MITOCHONDRIA! INTERNAL CELLULAR COLLAPSE: HOW THE COVID VAX SABOTAGES MITOCHONDRIA AND TRIGGERS SLOW… [+4515 chars]
"{'id': None, 'name': 'Feber.se'}",Roger Åberg,Det här är Pixel Watch 4,"Större, ljusstarkare skärm






Den stora nyheten med årets Pixel-klockor är skärmen som Google kallar för Actua 360. Eller skärmarna kanske man ska säga, klockan finns ju i två storlekar, 41 och 45 millimeter. Med den nya skärmen får klockan 10 procent mer …",https://feber.se/mobil/det-har-ar-pixel-watch-4/482488/,https://static.feber.se/article_images/62/55/80/625580.jpg,2025-08-20T16:20:00Z,"Teknik
Motor
Samhälle
Spel
Popkultur
Tjock
31 idag
27 igår
Tipsa!
Skaffa Feber+
En gameplay-trailer för Call of Duty: Black Ops 7
Hmmm...
31.1°
0
Annons från 
Annons
Apple flyttar mer… [+30627 chars]"
"{'id': None, 'name': 'Feber.se'}",Roger Åberg,Tillbehören till Googles Pixel 10-telefoner,"Pixelsnap i fokus






Nya lurar, nya tillbehör. Självklart är det Pixelsnap som är i fokus, Googles version av MagSafe. 

Pixelsnap Charger är helt enkelt en laddare som fästs med magnet på luren. Denna finns även med bordshållare och då heter den Pixelsnap…",https://feber.se/mobil/tillbehoren-till-googles-pixel-10-telefoner/482495/,https://static.feber.se/article_images/62/56/70/625670.jpg,2025-08-20T16:10:00Z,"Teknik
Motor
Samhälle
Spel
Popkultur
Tjock
31 idag
27 igår
Tipsa!
Skaffa Feber+
En gameplay-trailer för Call of Duty: Black Ops 7
Hmmm...
31.2°
0
Annons från 
Annons
Apple flyttar mer… [+29808 chars]"
"{'id': 'cbc-news', 'name': 'CBC News'}",,"U.S. hikes steel, aluminum tariffs on imported appliances, railcars, EV parts","The U.S. Commerce Department said on Tuesday it is hiking steel and aluminum tariffs on more than 400 products including wind turbines, mobile cranes, appliances, bulldozers and other heavy equipment, along with railcars, motorcycles, marine engines, furnitur…",https://www.cbc.ca/news/canada/windsor/united-states-steel-aluminum-appliances-railcars-electric-vehicle-tariffs-1.7613645,https://i.cbc.ca/1.7613663.1755705342!/fileImage/httpImage/image.JPG_gen/derivatives/16x9_1180/canada-aluminum.JPG?im=Resize%3D620,2025-08-20T16:02:57Z,"The U.S. Commerce Department said on Tuesday it is hiking steel and aluminum tariffs on more than 400 products including wind turbines, mobile cranes, appliances, bulldozers and other heavy equipment… [+1904 chars]"
"{'id': 'newsweek', 'name': 'Newsweek'}",Eileen Falkenberg-Hull,Nissan's New Leaf EV Comes With a Low Price Tag But a Steep Cost,"Despite being low priced, the Leaf's success is not a sure thing.",https://www.newsweek.com/nissans-new-leaf-ev-comes-low-price-tag-steep-cost-2116323,https://d.newsweek.com/en/full/2661335/2026-nissan-leaf.png,2025-08-20T16:02:24Z,"For years, automotive industry executives have calmly and patiently explained that as advances in battery technology occur, and as battery-electric vehicles become more prevalent, the cost of batteri… [+3321 chars]"
"{'id': None, 'name': 'Korrespondent.net'}",1023,Xiaomi вийде на європейський ринок електромобілів у 2027 році,У майбутньому компанія планує поєднувати розвиток у двох напрямках: щорічно нарощувати частку смартфонів на внутрішньому ринку та поступово виходити на нові міжнародні автомобільні арени.,https://ua.korrespondent.net/business/auto/4809152-Xiaomi-vyide-na-yevropeiskyi-rynok-elektromobiliv-u-2027-rotsi,https://kor.ill.in.ua/m/1260x900/4345764.jpg,2025-08-20T16:01:00Z,"Xiaomi 2027 . Bloomberg, , Tesla BYD.
, . , . , . 100- .
, Xiaomi . 157 - . , .
 YU7 , . Xiaomi - .
, Xiaomi - $120 . SU7, , .
 .net Telegram WhatsApp. https://t.me/korrespondentnetWhatsApp"
"{'id': None, 'name': 'Korrespondent.net'}",1023,Xiaomi выйдет на европейский рынок электромобилей в 2027 году,В будущем компания планирует развиваться в двух направлениях: ежегодно увеличивать долю смартфонов на внутреннем рынке и постепенно выходить на новые международные автомобильные рынки.,https://korrespondent.net/business/auto/4809152-Xiaomi-vyidet-na-evropeiskyi-rynok-elektromobylei-v-2027-hodu,https://kor.ill.in.ua/m/1260x900/4345764.jpg,2025-08-20T16:01:00Z,"Xiaomi 2027 . Bloomberg, , Tesla BYD.
, . , - . , . - 100- .
, Xiaomi . 157 - . , .
 YU7 , . Xiaomi - .
, Xiaomi - $120 . SU7, , .
 .net Telegram WhatsApp. https://t.me/korrespondentnetWhatsApp"
"{'id': None, 'name': 'Forbes'}","Amy Feldman, Forbes Staff, 
 Amy Feldman, Forbes Staff
 https://www.forbes.com/sites/amyfeldman/",InnovationRx: Phil Knight’s $2 Billion Cancer Gift,"In this week’s edition of InnovationRx, we look at Phil Knight’s big cancer gift, Medallion’s credentialing clearinghouse, a new treatment for fibromyalgia, and more.",https://www.forbes.com/sites/innovationrx/2025/08/20/innovationrx-phil-knights-2-billion-cancer-gift/,"https://imageio.forbes.com/specials-images/imageserve/68a532c493d35ec5edcd06d3/0x0.jpg?format=jpg&crop=1110,623,x266,y196,safe&height=900&width=1600&fit=bounds",2025-08-20T16:00:03Z,"In this weeks edition of InnovationRx, we look at Phil Knights big cancer gift, Medallions healthcare credentialing clearinghouse, a new treatment for fibromyalgia, and more. To get it in your inbox,… [+7200 chars]"
"{'id': None, 'name': 'Feber.se'}",Roger Åberg,Det här är nya Pixel 10-serien,"Med Googles variant av MagSafe






Googles självkänsla är fortsatt stark och man verkar tryggare än vanligt. Frågan är om man är för trygg. Nyheterna i årets Pixel 10-serie är nämligen mer små förbättringar än revolution. De två största nyheterna är ett nyt…",https://feber.se/mobil/det-har-ar-nya-pixel-10-serien/482494/,https://static.feber.se/article_images/62/56/54/625654.jpg,2025-08-20T16:00:00Z,"Teknik
Motor
Samhälle
Spel
Popkultur
Tjock
31 idag
27 igår
Tipsa!
Skaffa Feber+
En gameplay-trailer för Call of Duty: Black Ops 7
Hmmm...
31.2°
0
Annons från 
Annons
Apple flyttar mer… [+32915 chars]"
"{'id': None, 'name': 'Eleconomista.es'}",Víctor Ventura,"Palantir se desploma un 23% semanal tras el ataque bajista de Citron: ""Su precio no resiste ningún análisis""","El pasado 12 de agosto, Palantir, una de las firmas que lideran el negocio de la IA, tocó sus máximos históricos en Wall Street: 190 dólares por acción, una capitalización de 430.000 millones de dólares y una subida interanual que superaba el 380%. Todo ello …",https://www.eleconomista.es/mercados-cotizaciones/noticias/13511958/08/25/palantir-se-desploma-un-23-semanal-tras-el-ataque-bajista-de-citron-su-precio-no-resiste-ningun-analisis.html,https://s03.s3c.es/imag/_v0/1200x655/6/6/4/palantir-precio-citron.jpg,2025-08-20T15:47:53Z,"El pasado 12 de agosto, Palantir, una de las firmas que lideran el negocio de la IA, tocó sus máximos históricos en Wall Street: 190 dólares por acción, una capitalización de 430.000 millones de dóla… [+6299 chars]"
"{'id': None, 'name': 'Feber.se'}",Hugo Engström,Nu finns Notion Mail även på iOS,"Funkar bäst med Gmail-konton






Fyra månader efter lanseringen på Mac har Notions nya e-postklient, Notion Mail, nu även lanserats för iOS. Appen kan bland annat automatiskt sortera inkommande mejl, och det ska gå att lära AI:n vilka mejl som är viktigast,…",https://feber.se/mobil/nu-finns-notion-mail-aven-pa-ios/482521/,https://static.feber.se/article_images/62/57/52/625752.jpg,2025-08-20T15:40:00Z,"Teknik
Motor
Samhälle
Spel
Popkultur
Tjock
31 idag
27 igår
Tipsa!
Skaffa Feber+
En gameplay-trailer för Call of Duty: Black Ops 7
Hmmm...
31.1°
0
Annons från 
Annons
Apple flyttar mer… [+29878 chars]"
"{'id': 'new-york-magazine', 'name': 'New York Magazine'}",Nia Prater,Elon Musk Is Probably Abandoning Plan to Revolutionize Politics,Elon Musk is moving away from his quixotic plans to form a third party and may instead simply back J.D. Vance in 2028.,http://nymag.com/intelligencer/article/musk-third-party-jd-vance.html,https://pyxis.nymag.com/v1/imgs/c73/c81/00927483036c7320983dc13e253677efc0-elonmusk-politicalparty.1x.rsocial.w1200.jpg,2025-08-20T15:39:33Z,"Earlier this year, after his high-profile falling-out with Donald Trump, Elon Musk mused about starting his own political third party, a distinct shift after the Tesla CEO poured hundreds of millions… [+3101 chars]"
"{'id': None, 'name': 'PetaPixel'}",Matt Growcoot,"White House Joins TikTok, The Social Network Trump Once Promised to Ban","The White House has launched an official TikTok account, six months after the app was supposed to be sold or banned in the United States.
[Read More]",https://petapixel.com/2025/08/20/white-house-joins-tiktok-the-social-network-trump-once-promised-to-ban/,https://petapixel.com/assets/uploads/2025/07/trump-ai-executive-order.jpg,2025-08-20T15:33:37Z,"The White House has launched an official TikTok account, six months after the app was supposed to be sold or banned in the United States. 
“I am your voice,” President Trump says in the first video … [+2244 chars]"
"{'id': None, 'name': 'Psychology Today'}",Lisa Aronson Fontes Ph.D.,How Domestic Abusers Use Car Technology to Stalk Victims,Domestic abusers take advantage of new technology to monitor and record their victims. Your car may not be as private as you think.,https://www.psychologytoday.com/us/blog/invisible-chains/202506/domestic-abusers-stalk-and-spy-on-victims-through-their-cars,https://cdn2.psychologytoday.com/assets/styles/manual_crop_1_91_1_1528x800/public/teaser_image/blog_entry/2025-08/pexels-peterfazekas-1386648.jpg?itok=07R-qVL0,2025-08-20T15:20:34Z,"Stalking can cause insomnia, anxiety, depression, and social isolation. Stalking is a top 10 risk factor for intimate partner homicide, increasing the risk of homicide threefold as compared to domest… [+6734 chars]"
"{'id': None, 'name': 'Feber.se'}",Hugo Engström,Gemini börjar med högläsning,"För dokument i Google Docs






Google har börjat rulla ut ut en ny funktion i Google Docs som låter användare skapa en AI-genererad ljudversion av sina dokument med hjälp av Gemini. Du kan sedan välja mellan olika röster och uppspelningshastigheter för att …",https://feber.se/internet/gemini-borjar-med-hoglasning/482515/,https://static.feber.se/article_images/62/57/51/625751.jpg,2025-08-20T15:20:00Z,"Teknik
Motor
Samhälle
Spel
Popkultur
Tjock
31 idag
27 igår
Tipsa!
Skaffa Feber+
En gameplay-trailer för Call of Duty: Black Ops 7
Hmmm...
31.2°
0
Annons från 
Annons
Apple flyttar mer… [+29617 chars]"
"{'id': None, 'name': 'Observador.pt'}",Martim Andrade,Elon Musk desenvolveu um robô polícia?,"Circula nas redes sociais um vídeo a divulgar a nova invenção de Elon Musk: um robô polícia desenhado para ""patrulhar as ruas e responder a emergências"", sem colocar a vida humana em causa. É verdade?",https://observador.pt/factchecks/fact-check-elon-musk-desenvolveu-um-robo-policia/,https://wm.observador.pt/wm/l/https%3A%2F%2Fbordalo.observador.pt%2Fv2%2Frs%3Afill%3A770%3A403%2Fc%3A770%3A433%3Anowe%3A0%3A0%2Fq%3A70%2Ff%3Awebp%2Fplain%2Fhttps%3A%2F%2Fs3.observador.pt%2Fwp-content%2Fuploads%2F2020%2F01%2F09142359%2Ffact_check-errado.png?layer=obstop:T,2025-08-20T15:19:50Z,"Terá sido num evento surpresa na sede da Tesla que Elon Musk anunciou uma nova conquista tecnológica. Com o objetivo de revolucionar a segurança pública, circulam vídeos nas redes sociais a alegar qu… [+3511 chars]"
"{'id': None, 'name': 'Daily Geek Show'}",contact@dailygeekshow.com (DGS),« La guerre entre Grok et ChatGPT explose » : Apple envoie un message à Elon Musk qui pourrait tout changer,"Elon Musk accuse Apple de favoriser ChatGPT et de bloquer Grok sur l’App Store. La rivalité s’intensifie et pourrait finir devant les tribunaux.
The post « La guerre entre Grok et ChatGPT explose » : Apple envoie un message à Elon Musk qui pourrait tout chang…",https://dailygeekshow.com/la-guerre-entre-grok-et-chatgpt-explose-apple-envoie-un-message-a-elon-musk-qui-pourrait-tout-changer/,https://dailygeekshow.com/wp-content/uploads/2025/08/tim-cook-apple-contre-elon-musk-grok.webp,2025-08-20T15:12:00Z,"Elon Musk et Tim Cook saffrontent dans une guerre ouverte autour de lintelligence artificielle. © Montage DailyGeekShow.com
Elon Musk accuse Apple de favoriser ChatGPT sur lApp Store au détriment de… [+3628 chars]"
"{'id': 'business-insider', 'name': 'Business Insider'}",Hallam Bullock,The big buydown bet,Mortgage rate buydowns have become a mousetrap for homebuyers.,https://www.businessinsider.com/bitoday-newsletters-housing-trick-low-rate-high-value-lender-2025-8,https://i.insider.com/63062f3ec2794d00197f502c?width=1200&format=jpeg,2025-08-20T15:11:57Z,"If you're not in a rush for housing, it's probably better to improve your credit instead of getting a subprime mortgage.kali9/Getty
<ul><li>This post originally appeared in the Business Insider Toda… [+7368 chars]"
"{'id': None, 'name': 'Electrek'}",Scooter Doll,"Xiaomi’s president confirmed plans to sell its ultra popular EVs in Europe, just not for a little while","Executives for Xiaomi Automobile have confirmed the Chinese automotive business’s plans to (eventually) start selling its EVs in new overseas markets, including Europe.



 more…",http://electrek.co/2025/08/20/xiaomis-president-confirmed-plans-to-sell-evs-europe/,https://i0.wp.com/electrek.co/wp-content/uploads/sites/3/2025/02/Xiaomi-SU7-Ultra-EV-1.jpeg?resize=1200%2C628&quality=82&strip=all&ssl=1,2025-08-20T15:11:47Z,"Executives for Xiaomi Automobile have confirmed the Chinese automotive business’s plans to (eventually) start selling its EVs in new overseas markets, including Europe.
Xiaomi Automobile continues t… [+3235 chars]"
"{'id': None, 'name': 'Biztoc.com'}",theblock.co,Kraken expands its tokenized xStocks to Tron in latest expansion of Backed partnership,"The exchange's xStocks — tracking assets like Apple, Nvidia, and Tesla — were initially launched on Solana and soon expanded to BNB Chain.",https://biztoc.com/x/9f5e47fcd32c2c76,https://biztoc.com/cdn/9f5e47fcd32c2c76_s.webp,2025-08-20T15:11:24Z,"The exchange's xStocks tracking assets like Apple, Nvidia, and Tesla were initially launched on Solana and soon expanded to BNB Chain.
This story appeared on theblock.co, 2025-08-20 15:00:00."
"{'id': None, 'name': 'The Daily Caller'}",Reagan Reese,"REPORT: Musk Weighs Vance 2028 Endorsement, Ending ‘America Party’","Musk is quietly slowing down his effort to create a third party and considering backing Vance in 2028, sources familiar with the plans told the WSJ.",https://dailycaller.com/2025/08/20/elon-musk-jd-vance-2028-presidential-run-america-party/,"https://images.dailycaller.com/image/width=1280,height=549,fit=cover,format=webp,f=auto/https://cdn01.dailycaller.com/wp-content/uploads/2025/08/GettyImages-2176986696-scaled-e1755699300400.jpg",2025-08-20T15:06:53Z,"Elon Musk is quietly slowing down his effort to create a third party and is considering backing Vice President JD Vance in 2028, sources familiar with the billionaire’s plans told the Wall Street Jou… [+3375 chars]"
"{'id': None, 'name': 'Elperiodico.com'}",Carles Planas Bou,Musk echa el freno a su idea de crear un partido político en Estados Unidos y tiende la mano a J.D. Vance,"La última gran promesa de Elon Musk también podría quedar en papel mojado. Sin hacer mucho ruido, el hombre más rico del mundo está frenando sus planes de crear un nuevo partido político en Estados Unidos, según han filtrado fuentes cercanas a The Wall Street…",https://www.elperiodico.com/es/internacional/20250820/musk-echa-freno-crear-partido-estados-unidos-trump-eeuu-jd-vance-120792922,https://estaticos-cdn.prensaiberica.es/clip/d938ceb2-f1f0-4d42-ad0a-0b7198b09a4d_16-9-discover-aspect-ratio_default_0.jpg,2025-08-20T15:05:18Z,"La última gran promesa de Elon Musk también podría quedar en papel mojado. Sin hacer mucho ruido, el hombre más rico del mundo está frenando sus planes de crear un nuevo partido político en Estados U… [+1949 chars]"
"{'id': None, 'name': 'GlobeNewswire'}",Dave Cantin Group,Dave Cantin Group’s 2025 Midyear Market Outlook Report Identifies Affordability as the Defining Force Driving Every Major Auto Industry Trend This Year,"Top findings from the latest DCG report, produced in partnership with Kaiser Associates, include:  Affordability is the defining force in the U.S. auto......",https://www.globenewswire.com/news-release/2025/08/20/3136578/0/en/Dave-Cantin-Group-s-2025-Midyear-Market-Outlook-Report-Identifies-Affordability-as-the-Defining-Force-Driving-Every-Major-Auto-Industry-Trend-This-Year.html,https://ml.globenewswire.com/Resource/Download/305e0929-b364-4510-80cf-129beaad0064,2025-08-20T15:05:00Z,"Top findings from the latest DCG report, produced in partnership with Kaiser Associates, include:
<ul><li>Affordability is the defining force in the U.S. auto market in 2025</li><li>The U.S. consume… [+6363 chars]"
"{'id': None, 'name': 'Sapo.pt'}",Ana Sofia Neto,Tesla expande rede de Superchargers em Portugal,"A Tesla está a reforçar a sua rede de Superchargers, em Portugal, sublinhando o seu compromisso em fornecer uma infraestrutura de carregamento rápida, acessível e eficiente para os condutores de veículos elétricos. No início...",https://pplware.sapo.pt/motores/tesla-expande-rede-de-superchargers-em-portugal/,https://pplware.sapo.pt/wp-content/uploads/2025/08/tesla_superchargers_portugal-2.jpg,2025-08-20T15:00:13Z,"A Tesla está a reforçar a sua rede de Superchargers, em Portugal, sublinhando o seu compromisso em fornecer uma infraestrutura de carregamento rápida, acessível e eficiente para os condutores de veíc… [+2636 chars]"
"{'id': None, 'name': 'Reason'}","Nick Gillespie, Nick Gillespie, Author at Reason.com",Chip Roy on Why He Backed Trump's Spending Bill,"Texas Rep. Chip Roy joins Nick Gillespie to talk about runaway spending, the uphill battle for health care reform, and where immigration fits into the liberty vs. sovereignty debate.",https://reason.com/podcast/2025/08/20/chip-roy-on-why-he-backed-trumps-spending-bill/,https://d2eehagpk5cl65.cloudfront.net/img/q60/uploads/2025/08/8-15-25-v2-a.png,2025-08-20T15:00:01Z,"Today's guest is Rep. Chip Roy (RTexas), a fiscal hawk whose commitment to balancing the budget has led President Donald Trump to call for primary challenges against him.
Nick Gillespie sits down wi… [+49816 chars]"
"{'id': None, 'name': 'Feber.se'}",Frode Wikesjö,Släppdatum för Vampire: The Masquerade - Bloodlines 2,"21 oktober










Efter många år har Paradox nu äntligen satt ett släppdatum för Vampire: The Masquerade – Bloodlines 2. Datumet som gäller är den 21 oktober i år och då släpps det till Windows, PlayStation 5 samt Xbox Series S/X.

Som spelare ska man då s…",https://feber.se/spel/slappdatum-for-vampire-the-masquerade---bloodlines-2/482510/,https://i.ytimg.com/vi/TrAVDT7maJE/hqdefault.jpg,2025-08-20T15:00:00Z,"Teknik
Motor
Samhälle
Spel
Popkultur
Tjock
25 idag
27 igår
Tipsa!
Skaffa Feber+
En gameplay-trailer för Call of Duty: Black Ops 7
Hmmm...
32.2°
0
Annons från 
Annons
Apple flyttar mer… [+28937 chars]"
"{'id': None, 'name': 'Les Numériques'}",Aymeric Geoffre-Rouland,Actualité : Elon Musk prive l’Europe de la Tesla Model YL pour une raison totalement lunaire,"Alors que Tesla vient de dévoiler en Chine une version allongée et six places de son Model Y, baptisée Model YL, Elon Musk a douché les espoirs d’un lancement hors d’Asie. Et la raison invoquée donne le vertige.",https://www.lesnumeriques.com/voiture-electrique/elon-musk-prive-l-europe-de-la-tesla-model-yl-pour-une-raison-totalement-lunaire-n241219.html,https://cdn.lesnumeriques.com/optim/news/24/241219/a4020c1b-elon-musk-prive-l-europe-de-la-tesla-model-yl-pour-une-raison-totalement-lunaire__1200_678__256-383-2304-1458.jpg,2025-08-20T15:00:00Z,"Tesla Model Y L, lancée en Chine.
© Tesla
On pensait enfin tenir une Tesla pensée pour les familles. Un SUV électrique, spacieux, six places, idéal pour trimbaler enfants, valises, poussette et tro… [+2633 chars]"
"{'id': None, 'name': '9to5Toys'}",Reinette LeJeune,"Mango’s monstrous Power E 3,500Wh CATL station gets an exclusive $2,900 price cut to returning $899 low","Our readers can now take advantage of an exclusive Wellbots deal on the Mango Power E 3,500Wh Portable Power Station at $899 shipped, after using the exclusive code 9TO5MANGOP700 at checkout. The website has already dropped it from its $3,799 price tag to $1,…",http://9to5toys.com/2025/08/20/mango-power-e-station-exclusive-899-low/,https://i0.wp.com/9to5toys.com/wp-content/uploads/sites/5/2025/03/Mango-Power-E-Portable-Power-Station.webp?resize=1200%2C628&ssl=1,2025-08-20T14:59:05Z,"Our readers can now take advantage of an exclusive Wellbots deal on the Mango Power E 3,500Wh Portable Power Station at $899 shipped, after using the exclusive code 9TO5MANGOP700 at checkout. The web… [+2290 chars]"
"{'id': None, 'name': 'Yahoo Entertainment'}",Brian Sozzi,Why Target's new CEO won't have a honeymoon period: Opening Bid top takeaway,"Tech stocks are crumbling, and so is Target's stock.",https://finance.yahoo.com/news/why-targets-new-ceo-wont-have-a-honeymoon-period-opening-bid-top-takeaway-144725734.html,https://s.yimg.com/ny/api/res/1.2/Nktct1Igx1mF2kbD5fM1Ng--/YXBwaWQ9aGlnaGxhbmRlcjt3PTEyMDA7aD04MDA-/https://s.yimg.com/os/creatr-uploaded-images/2025-08/d2f05770-7dbe-11f0-88ef-346344e7e869,2025-08-20T14:47:25Z,"Complacent investors have been hit with a reality check on tech stocks this week.
Momentum favorite Palantir (PLTR) getting drilled again today. Nvidia (NVDA) is seeing mixed action.
Queue the tech… [+5369 chars]"
"{'id': None, 'name': 'Nieuwsblad.be'}",Peter Mijlemans,"Zijn zelfrijdende wagen lijkt een fabeltje: Elon Musk zit in de problemen, dus bergt hij politieke plannen op","De tijd dat Elon Musk alles wat hij aanraakte in goud veranderde, lijkt voorbij. De zelfrijdende Tesla die hij promoot, dreigt als een zeepbel uit elkaar te spatten en zijn politieke plannen bergt hij noodgedwongen op.",https://www.nieuwsblad.be/buitenland/zijn-zelfrijdende-wagen-lijkt-een-fabeltje-elon-musk-zit-in-de-problemen-dus-bergt-hij-politieke-plannen-op/84777920.html,https://prod-img.nieuwsblad.be/public/nieuws/luq6pw-musk-combi.png/alternates/SIXTEEN_NINE_1200/musk%20combi.png,2025-08-20T14:45:42Z,"Jade (32) denkt dat ze luxueuze, gemeubelde hut boekte, maar heeft de beschrijving niet goed gelezen: Dat is een lege schuur
Jade Rathbone (32) dacht dat ze een koopje had gedaan toen ze een goedkoo… [+278 chars]"
"{'id': None, 'name': 'Yahoo Entertainment'}",Kinnis Ho,Amazon優惠｜學生恩物！XPPen 彩色記事本低至 68 折，輕鬆區分科目重點,"Yahoo編輯團隊致力為你精選優質產品及優惠價格，文章中部份商品、平台與Yahoo有合作關係，定價及供應量均會隨市場變動，請以平台最新資料為準。
學生恩物！XPPen 彩色記事本低至 68 折，輕鬆區分科目重點
溫提：Amazon已開通香港滿額免運費，可在購買頁面標價的位置見到「無進口手續費押金且免費送貨至香港」。見到「無進口費用押金且 HKD XXX 運費配送至香港」字眼的話，就代表官方會直送貨品至香港，不過就會收取運費。假如貨品不直送香港，都可以選用集運服務。
想要享受 Amazon Prime Big…",https://consent.yahoo.com/v2/collectConsent?sessionId=1_cc-session_8c0742f1-def0-470f-838c-dfb1af371a0b,,2025-08-20T14:40:35Z,"If you click 'Accept all', we and our partners, including 236 who are part of the IAB Transparency &amp; Consent Framework, will also store and/or access information on a device (in other words, use … [+714 chars]"
"{'id': None, 'name': 'Feber.se'}",Roger Åberg,Så mycket kommer Kia EV4 att kosta,"Börjar säljas nu






Kia fortsätter att fylla ut sitt elbilssortiment och nu börjar man sälja sin EV4. Två varianter kommer, halvkombin som tillverkas i Europa, och en fastback-version som tillverkas i Korea (och som syns på bilderna). Den tidigare väntas b…",https://feber.se/bil/sa-mycket-kommer-kia-ev4-att-kosta/482526/,https://static.feber.se/article_images/62/57/55/625755.jpg,2025-08-20T14:40:00Z,"Teknik
Motor
Samhälle
Spel
Popkultur
Tjock
25 idag
27 igår
Tipsa!
Skaffa Feber+
En gameplay-trailer för Call of Duty: Black Ops 7
Hmmm...
32.2°
0
Annons från 
Annons
Apple flyttar mer… [+28981 chars]"
"{'id': None, 'name': 'Futurism'}",Victor Tangermann,AI Industry Trembles as Nvidia's Stock Nosedives,"Shares of AI chipmaker Nvidia plunged on Wednesday, dropping by over two percent in early trading. A major tech selloff caused major players in the AI industry to lose out big. Nvidia, in particular, bore the full brunt of the quavering, sliding 3.5 percent o…",https://futurism.com/ai-industry-nvidia-stock,https://wordpress-assets.futurism.com/2025/08/ai-industry-nvidia-stock.jpg,2025-08-20T14:39:27Z,"Shares of AI chipmaker Nvidia plunged on Wednesday, dropping by more than three percent in early trading for a total slide of over five percent in the past week.
Other major AI players fell as well,… [+2467 chars]"
"{'id': None, 'name': 'TheStreet'}",Noah Weidner,Stock Market Today: Target's new man at the top,Retail earnings from TJX and Lowe's are set to top today's earnings,https://www.thestreet.com/investing/stock-market-today-august-20-2025,https://media.zenfs.com/en/thestreet_881/50cbda3511e2db9ae314ed99ce56adc8,2025-08-20T14:30:06Z,"Stock Market Today: Target's new man at the top originally appeared on TheStreet.
This live blog is refreshed periodically throughout the day with the latest updates from the market. To find the lat… [+4671 chars]"
"{'id': None, 'name': 'Abertoatedemadrugada.com'}",Carlos Martins,"Ex-CEO da Waymo critica ""Robotaxi"" da Tesla","O fundador e ex-CEO da Waymo não considera que a Tesla deva chamar ao seu serviço ""robotaxi"" enquanto ainda mantiver um operador de segurança a bordo.",https://abertoatedemadrugada.com/2025/08/ex-ceo-da-waymo-critica-robotaxi-da.html,https://blogger.googleusercontent.com/img/b/R29vZ2xl/AVvXsEiI3QKGad13UHkK4rWwZbX2cjTJCapSKjGxz5ToTTEJADAbgyDfWSPItMd0_npoWOy6R8-yr48tMINJ2E2bDhmsZAPixypRUJSyIJaGdzdMdcVB3N-baq3I-MGPJZM2VIsQ42oNapwyYMVJx0F7FNAcDiFPR9zrMPb_j1Tj2RRw_7NvAAi6coYgDMysP__v/w1200-h630-p-k-no-nu/teslarobotaxi.jpg,2025-08-20T14:30:00Z,"O fundador e ex-CEO da Waymo não considera que a Tesla deva chamar ao seu serviço ""robotaxi"" enquanto ainda mantiver um operador de segurança a bordo.


A Tesla lançou o seu serviço Robotaxi na zona … [+2202 chars]"
"{'id': None, 'name': 'Diepresse.com'}",Die Presse,Dieser chinesische E-Autohersteller plant nun den Sprung nach Europa [premium],"Der europäische E-Automarkt könnte bald neue Konkurrenz bekommen: Ein Konzern aus China kündigt an, den europäischen Markt erobern zu wollen.",https://www.diepresse.com/20015397/dieser-chinesische-e-autohersteller-plant-nun-den-sprung-nach-europa,https://img.diepresse.com/public/incoming/91of9v-434186140.jpg/alternates/DPR_SOCIAL_NACHRICHTEN/434186140.jpg,2025-08-20T14:22:00Z,Am europäischen E-Automarkt wird es demnächst neue Konkurrenz für die Platzhirsche BYD und Tesla geben: Denn nach einem starken E-Autoverkauf in China plant nun der nächste chinesische Autokonzern de… [+3330 chars]
"{'id': None, 'name': 'Feber.se'}",Wille Wilhelmsson,Tangentbord kommer med tillhörande skärm,"Om man behöver en extraskärm












Ett företag som kallar sig för KeyGo har tagit fram ett tangentbord som har en uppfällbar pekskärm på 12,8 tum med en upplösning på 1920x1280 pixlar. Tangentbordet går att koppla till datorer, tablets eller mobiler och…",https://feber.se/pc/tangentbord-kommer-med-tillhorande-skarm/482509/,https://static.feber.se/article_images/62/57/02/625702.jpg,2025-08-20T14:20:00Z,"Teknik
Motor
Samhälle
Spel
Popkultur
Tjock
22 idag
27 igår
Tipsa!
Skaffa Feber+
En gameplay-trailer för Call of Duty: Black Ops 7
Hmmm...
33.0°
0
Annons från 
Annons
Är vi inne i en A… [+27224 chars]"
"{'id': None, 'name': 'Ilpost.it'}",,I CEO sono sempre più protetti,"Da quando Luigi Mangione ha assassinato un loro collega, i capi delle grandi società statunitensi spendono di più in guardie del corpo",https://www.ilpost.it/2025/08/20/difesa-ceo-statunitensi-guardie-del-corpo/,https://static-prod.cdnilpost.com/wp-content/uploads/2025/08/20/1755699097-AP23108662851099.jpg,2025-08-20T14:17:47Z,"Da quando nel dicembre del 2024 Luigi Mangione assassinò a New York lamministratore delegato della società di assicurazioni mediche UnitedHealthcare Brian Thompson, le grandi aziende tecnologiche sta… [+4487 chars]"
"{'id': None, 'name': 'Jalopnik'}",staff@jalopnik.com (Amber DaSilva),Tesla Owners Can Sue Over 'Self-Driving' Marketing,"After years of promising true autonomous driving is just a software update away, will Tesla's Autopilot journey finally end up in a courtroom?",https://www.jalopnik.com/1945346/tesla-owners-can-sue-over-self-driving-car-marketing/,https://www.jalopnik.com/img/gallery/tesla-owners-can-sue-over-self-driving-marketing/l-intro-1755699194.jpg,2025-08-20T14:15:00Z,"The tariffs start coming, and they don't stop. We've long known that tariffs on steel and aluminum were in the pipeline the Trump administration's goal seems to be that everything consumed in the U.S… [+1471 chars]"
"{'id': None, 'name': 'Chip.com.tr'}",Cem Sinanoğlu,Elon Musk’tan “uçan araba” açıklaması: “Belki de Tesla bunu yapmalı”,"Uçan Cybertruck fikri yeniden gündemde: Tesla CEO’su Elon Musk, paylaştığı bir görselle “Belki Tesla bunu yapmalı” dedi. Peki bu gerçek bir ürünün ilk işareti mi, yoksa yeni bir spekülasyonun başlangıcı mı?",https://www.chip.com.tr/haber/elon-musktan-ucan-araba-aciklamasi-belki-de-tesla-bunu-yapmali_172023.html,https://img.chip.com.tr/rcman/Cw1280h720q95gm/storage/files/images/2025/08/20/elon-musktan-ucan-araba-aciklamasi-belki-de-tesla-bunu-yapmali-x2my.jpg,2025-08-20T14:06:30Z,"Elon Musk, teknoloji dünyasının belki de en sansasyonel isimlerinden biri. Söyledikleriyle gündem yaratmayı seven Musk, zaman zaman hayal ile gerçeği birbirine karıştırdığı çıkışlarıyla da biliniyor.… [+3455 chars]"
"{'id': None, 'name': 'CNBC'}",,"Nvidia, Bill Gates-backed robotics startup FieldAI hits $2 billion valuation after recent raise","Robotics startup FieldAI has closed two funding rounds, with investments from Nvidia's venture capital arm and Amazon founder Jeff Bezos' family office.",https://www.cnbc.com/2025/08/20/gates-nvidia-fieldai-robotics.html,https://image.cnbcfm.com/api/v1/image/108188476-1755692723591-FieldAI_Robot1.jpg?v=1755693454&w=1920&h=1080,2025-08-20T14:04:45Z,"Bill Gates-backed Robotics startup FieldAI has raised $405 million in two funding rounds, with investments from Nvidia's venture capital arm and Amazon founder Jeff Bezos' family office.
The funding… [+1699 chars]"
"{'id': None, 'name': 'Highsnobiety'}",,Vans’ Crazy Clog Is a Skate Shoe Gone Tesla Cybertruck,Vans teams up with artist Sterling Ruby to create the clog of the future. Sterling Ruby’s art meets Vans OTW’s design lab.,https://www.highsnobiety.com/p/vans-sterling-ruby-future-clog/,https://www.highsnobiety.com/static-assets/dato/1755689710-otw-by-vans-x-sterling-ruby-s-s-r-studio-la-ca-1.jpg,2025-08-20T14:04:22Z,"The headline act of Vans OTWs reunion tour with Sterling Rubys S.R. STUDIO. LA. CA. imprint is the Vans FUTURE CLOG, a monolithic slip-on shoe that looks like a Dutch clog got beamed into 3025.
Its … [+2053 chars]"
"{'id': None, 'name': 'Electrek'}",Fred Lambert,"Elon Musk says Tesla might never bring its new Model YL to US, and the reason is so stupid","Elon Musk says Tesla might never bring its new ‘Model YL’, a new six-seat variant of the Model Y launched in China this week, to the US, and the reason for this is ridiculous.



He thinks Tesla won’t need it because of, you guessed it: autonomy.



 more…",http://electrek.co/2025/08/20/elon-musk-tesla-might-never-bring-its-new-model-yl-to-us-reason-stupid/,https://i0.wp.com/electrek.co/wp-content/uploads/sites/3/2025/08/Tesla-Model-YL-interior-hero.png?resize=1200%2C628&quality=82&strip=all&ssl=1,2025-08-20T14:04:14Z,"Elon Musk says Tesla might never bring its new ‘Model YL’, a new six-seat variant of the Model Y launched in China this week, to the US, and the reason for this is ridiculous.
He thinks Tesla won’t … [+3577 chars]"
"{'id': None, 'name': 'Ig.com.br'}","Pedro Emerenciano, Pedro Emerenciano",Por que os EUA não conseguem construir carregadores rápidos?,"Enquanto a China promete 4 mil estações de recarga ultrarrápida até esse ano, os EUA esbarram em tarifas e burocracias",https://carros.ig.com.br/2025-08-20/por-que-eua-conseguem-construir-carregadores-rapidos.html,https://i0.statig.com.br/bancodeimagens/78/o1/sp/78o1spp0t0xhlxh3ciywqknbb.jpg,2025-08-20T14:01:15Z,"Os Estados Unidos, berço de gigantes da indústria automobilística, enfrentam um obstáculo inesperado na corrida dos veículos elétricos: a dificuldade em construir carregadores de alta potência.
Enqu… [+2667 chars]"
"{'id': None, 'name': 'GlobeNewswire'}",Precedence Research,"Software Defined Vehicles Market Accelerates with 20.42% CAGR | Infotainment & Telematics Dominate, Security Systems Rising Fast","According to Towards Automotive consultants, the global Software Defined Vehicles market is projected to reach approximately USD 218.74 billion by 2034, increasing from USD 34.11 billion in 2024, at a CAGR of 20.42% during the forecast period 2025 to 2034. Ac…",https://www.globenewswire.com/news-release/2025/08/20/3136524/0/en/Software-Defined-Vehicles-Market-Accelerates-with-20-42-CAGR-Infotainment-Telematics-Dominate-Security-Systems-Rising-Fast.html,https://ml.globenewswire.com/Resource/Download/01eb1f79-0c67-420b-b423-376619f975cd,2025-08-20T14:00:00Z,"Ottawa, Aug. 20, 2025 (GLOBE NEWSWIRE) -- The global software defined vehicles market size stood at USD 41.08 billion in 2025 and is projected to reach USD 218.74 billion by 2034, according to a stud… [+17866 chars]"
"{'id': None, 'name': 'Feber.se'}",Frode Wikesjö,Snabba klipp från Ghost of Yotei,"Som får Legends-läget nästa år










Sucker Punch släppte i går en ny trailer för Ghost of Yotei, vilket är uppföljaren till Ghost of Tsushima. Den nya trailern består av snabba klipp och skapar lite hajp inför släppet på PlayStation 5 den 2 oktober.

I s…",https://feber.se/spel/snabba-klipp-fran-ghost-of-yotei/482514/,https://i.ytimg.com/vi/FM08YoziYJs/hqdefault.jpg,2025-08-20T14:00:00Z,"Teknik
Motor
Samhälle
Spel
Popkultur
Tjock
25 idag
27 igår
Tipsa!
Skaffa Feber+
En gameplay-trailer för Call of Duty: Black Ops 7
Hmmm...
32.2°
0
Annons från 
Annons
Apple flyttar mer… [+28539 chars]"
"{'id': None, 'name': 'Iltalehti.fi'}",,"Autoradio: Tämän sähköauton latausteho mykistää – ”En usko, että maailmasta löytyy autoa, joka lataa paremmin”","Autoradio-podcastissa ihmetellään sitä, miten hyvä auto Smart #5 todellisuudessa on. Markkinaosuuksia vertailtaessa, ei Smart kuulu markkinoiden suurimpiin automerkkeihin. Mutta nyt Smart vaikuttaa tehneen tuotteen, jonka myötä markkinaosuudet saattavat noust…",https://www.iltalehti.fi/sahkoautot/a/3377ddb6-59f4-46b8-b517-0e3a1f28821b,"https://img.ilcdn.fi/8pTvOa1kthXhJZCX6HrSlP5pTRA=/1200x630/top/filters:watermark(assets.ilcdn.fi/ilsome_v2.jpg,25,0,0)/img-s3.ilcdn.fi/798e009b97ee48e683bcf2a6ee53bb3ff81c135f08a1117d3dff7284193455bf.jpg",2025-08-20T13:57:46Z,"Markkinaosuuksia vertailtaessa, ei Smart kuulu markkinoiden suurimpiin automerkkeihin. Mutta nyt Smart vaikuttaa tehneen tuotteen, jonka myötä markkinaosuudet saattavat nousta kohisten.
Autoradion i… [+1392 chars]"
"{'id': None, 'name': 'Novinky.cz'}",Ondřej Mára,Tesla vrací do nabídky páčku blinkrů pro Model 3,"Modernizovaná Tesla Model 3 přinesla kromě řady vylepšení také kontroverzní řešení, kdy tradiční páčku směrovek pod volantem nahradila tlačítka. Minimálně na čínském trhu se však páčka vrací, včetně možnosti dodatečného instalování na starší vozy.",https://www.novinky.cz/clanek/auto-tesla-vraci-do-nabidky-packu-blinkru-pro-model-3-40535046,"https://d15-a.sdn.cz/d_15/c_img_oc_A/kcukOQcMmmtzdDcbEHJTED/68f7/tesla-model-3-smerovka-blinkry.jpeg?fl=cro,0,210,960,540%7Cres,1200,,1%7Cwebp,75",2025-08-20T13:56:00Z,"Automobilka Tesla je známá svým inovativním pístupem, ne vechna vylepení jsou vak pijata s nadením. Mezi takové patí i eliminace páek pod volantem, se kterou zaala automobilka ji ped lety u vlajkovýc… [+1338 chars]"
"{'id': None, 'name': 'Chip.com.tr'}",Harika Pelin Şengül,"751 km menzil, 6 koltuk: Tesla Model Y L Çin’de satışta","Tesla, Çin’de altı koltuklu ve uzun menzilli Model Y L’yi satışa sundu. 751 km menzili, çift motorlu yapısı ve geniş iç hacmiyle yeni model, Çin pazarında güçlü bir rekabet avantajı hedefliyor.",https://www.chip.com.tr/galeri/751-km-menzil-6-koltuk-tesla-model-y-l-cinde-satista_172022.html,https://img.chip.com.tr/rcman/Cw1280h720q95gm/storage/files/images/2025/08/20/751-km-menzil-6-koltuk-tesla-model-y-l-cinde-satista-faur.jpg,2025-08-20T13:53:55Z,"339 bin yuan (yaklaşık 47 bin 184 dolar – 1,9 milyon TL) başlangıç fiyatıyla piyasaya çıkan bu model, markanın en çok satan SUV’u Model Y’nin daha geniş ailelere hitap eden bir varyasyonu olarak öne … [+112 chars]"
